Category,Number of Quotes,Number of Tokens,Number of Types,Average Number of Tokens per Document
Hero,339,1149,114,3.3893805309734515
Villain,851,1277,285,1.500587544065805
Total,1190,2426,1775,2.038655462184874
